white predicted elo, white actual elo, black predicted elo, black actual elo
1295.827602520977, 944.0, 1178.2052060769943, 938.0
2632.40080906542, 2854.0, 2621.277786442772, 2751.0
944.8790106907323, 663.0, 891.7996527074719, 781.0
1274.007505209982, 1418.0, 1213.1868795498915, 1455.0
804.1274531129241, 977.0, 863.1402344634284, 1003.0
2080.151492751442, 2064.0, 2019.3129758352227, 2079.0
2143.4589437458258, 2409.0, 2033.3012194825565, 2367.0
2646.0098886276373, 2648.0, 2649.747285250533, 2857.0
2555.969477670281, 2412.0, 2443.576297396498, 2546.0
1183.9903021084162, 848.0, 1142.783179683459, 689.0
2508.049280898007, 2336.0, 2499.3254927090925, 2375.0
2763.212520086111, 2920.0, 2743.1982147985914, 2936.0
2648.7863988964723, 2655.0, 2658.8401416708193, 2517.0
575.7628779073332, 569.0, 652.514918593292, 585.0
1359.5399313895086, 1322.0, 1391.9654911517287, 1320.0
900.5967345268231, 852.0, 841.3675636458802, 928.0
2246.7929441570172, 2407.0, 2204.773443900096, 2377.0
1961.641132545167, 1438.0, 1929.949416961155, 1526.0
2449.3957755500505, 2282.0, 2449.1957911054715, 2283.0
2630.926945206577, 2441.0, 2627.295117291917, 2432.0
713.1645766459269, 546.0, 764.0154891341557, 529.0
1288.5260448457448, 1237.0, 1339.4112352640761, 1061.0
2495.324895533289, 2553.0, 2583.7042723067993, 2611.0
2463.3883921205675, 2372.0, 2404.123822384615, 2361.0
1443.6074625235824, 1560.0, 1423.8143742218092, 1569.0
763.7906036710691, 690.0, 792.5359118620314, 643.0
2459.171356299017, 2574.0, 2383.676377696178, 2466.0
1489.386540457622, 1830.0, 1558.221236039814, 1843.0
1926.802228552276, 1987.0, 1966.575250223604, 1973.0
2572.959253194924, 2324.0, 2436.977789537083, 2319.0
782.3525499455196, 841.0, 736.3814598680785, 863.0
1939.1087258416176, 1752.0, 1814.3336090742655, 1711.0
918.5660879813373, 502.0, 784.0136982882915, 430.0
1059.804871382892, 1158.0, 1110.208596665058, 1215.0
851.3647871370283, 726.0, 876.0555302453542, 841.0
2388.1897144235695, 2723.0, 2503.9477440882274, 2572.0
2429.061552732298, 2223.0, 2372.7827960405116, 2087.0
2160.5659255908863, 2276.0, 2093.2786557370405, 2429.0
2906.0222233917493, 2815.0, 2773.8523795609253, 2660.0
2618.1711614061473, 2747.0, 2626.053369910526, 2774.0
1775.9488194467783, 1755.0, 1859.5934717022049, 1633.0
737.6386117323557, 1061.0, 891.1559220464244, 1074.0
1442.0248086494867, 1437.0, 1540.8960267460009, 1342.0
914.8869994808912, 798.0, 933.0562552179689, 655.0
1146.2282368512188, 999.0, 1099.2156187021776, 1010.0
2704.3689601405777, 2933.0, 2732.9082992959593, 2922.0
1244.8550171943336, 840.0, 1227.1690262827365, 907.0
641.0720261037777, 536.0, 662.6167117082013, 445.0
673.5365609714192, 1185.0, 687.2328240453311, 1168.0
1020.5189074709067, 1241.0, 1061.5123045511177, 1226.0
940.3213018827637, 814.0, 972.8257649618339, 738.0
495.330522667066, 445.0, 497.934492127251, 424.0
1712.6462116706487, 1857.0, 1621.4604862482329, 1913.0
1044.7818805787888, 945.0, 980.8080886855174, 849.0
2450.378360095612, 2443.0, 2694.9280802503395, 2302.0
2614.9362326007004, 2865.0, 2538.4778261394495, 2755.0
2749.7426488837045, 2598.0, 2651.1825904060815, 2646.0
1998.4676664353963, 1909.0, 2046.5585822364337, 1893.0
1372.26700207909, 1679.0, 1290.5803817577516, 1685.0
2838.829279003358, 2815.0, 2952.716574729444, 2944.0
1129.3025715631393, 1079.0, 1122.300253319004, 959.0
1591.3928090388827, 1606.0, 1630.7473843312307, 1626.0
2125.514010467338, 2205.0, 2148.5847238564947, 2193.0
1048.8626444504823, 1176.0, 975.6136095806356, 1256.0
1931.1184439269205, 1985.0, 1819.9973736791515, 1925.0
810.8700406478359, 1025.0, 904.0785097358838, 932.0
2736.6874324981804, 2810.0, 2824.353198049198, 2850.0
2027.3444325590322, 1779.0, 1969.7587546329112, 1760.0
2568.7284186244988, 2679.0, 2623.8104889831347, 2857.0
2652.7871924374167, 2378.0, 2624.148848649737, 2486.0
1368.5163628167265, 1543.0, 1326.8653638476003, 1546.0
2517.9015755819105, 2406.0, 2509.305777586882, 2314.0
1871.0251493539458, 1973.0, 1894.8728394054717, 1977.0
1922.8808300573871, 2247.0, 1776.4424202818038, 2106.0
2601.0865129817994, 2678.0, 2616.180318262709, 2999.0
2562.7176471188773, 2722.0, 2535.7190659719236, 2912.0
979.7616071584399, 1735.0, 1020.3355558280481, 1805.0
2955.6421275779035, 3005.0, 2948.695566334788, 2671.0
1682.0965305012767, 1915.0, 1633.986636894308, 1929.0
961.5162948674316, 855.0, 1100.4314696762474, 953.0
2187.23694952048, 2699.0, 2143.7489343530115, 2566.0
614.5151847658947, 669.0, 679.5180017167222, 633.0
2554.81344271691, 2633.0, 2554.2811583370735, 2528.0
2502.0078259241873, 2190.0, 2555.056857743556, 2125.0
1489.1746942993477, 1591.0, 1500.852760677919, 1547.0
2318.155821605644, 2693.0, 2461.935312725363, 2716.0
1918.0472274841093, 1649.0, 1893.0755290779578, 1626.0
1810.7464530443974, 1812.0, 1902.68762870073, 1806.0
2635.2887049103842, 2552.0, 2619.2431072707786, 2549.0
1629.1590208753407, 1596.0, 1374.4017548918127, 1677.0
2739.406915493984, 2527.0, 2682.08274881381, 2457.0
2955.4825221874858, 2929.0, 2889.6971536373576, 2860.0
566.9633295727307, 560.0, 517.1400673180318, 405.0
2638.6356348884206, 2374.0, 2680.10737935105, 2390.0
1456.0533831256346, 1500.0, 1380.4299716520982, 1488.0
831.8453053288026, 760.0, 807.6802155466773, 766.0
1835.602175486794, 1438.0, 1791.5681965278015, 1439.0
2734.460174909687, 2520.0, 2624.6932118772115, 2678.0
1476.353348718434, 1276.0, 1587.3289302309236, 1286.0
1919.4569383495148, 1772.0, 1941.8284200828473, 1832.0
1160.8942838961696, 1114.0, 1139.8233048569607, 1078.0
1017.6916386640318, 1049.0, 1039.7622588032855, 994.0
2133.995649297594, 2059.0, 2091.8742650031472, 2021.0
1525.178782097044, 1614.0, 1553.5130484855054, 1657.0
1316.467569950215, 1506.0, 1248.2167448488135, 1604.0
1330.7568060584758, 1479.0, 1406.3399824916735, 1348.0
1230.6654338336689, 925.0, 1225.2435198378441, 917.0
1499.2844277163726, 1937.0, 1420.4767628684128, 1947.0
695.9238885362109, 667.0, 653.8345643566499, 724.0
1195.8608966905035, 1561.0, 1322.777555134131, 1521.0
1043.0709785643164, 1137.0, 1028.450465999736, 1081.0
1930.321986825074, 1618.0, 1901.119778392452, 1621.0
2196.0765311693244, 2041.0, 2116.765966358401, 2117.0
1427.4550700188267, 1235.0, 1446.7797291343438, 1249.0
1655.8140447106791, 1779.0, 1644.655292912098, 1765.0
2876.0895253807544, 2926.0, 2825.0674404738456, 2926.0
1913.445932951291, 1926.0, 1914.3527185225744, 1921.0
2133.617967449111, 1713.0, 2038.5657685300898, 1724.0
1699.5270142565896, 1518.0, 1724.9139280022512, 1513.0
831.3753121315227, 538.0, 810.9678745251297, 400.0
2178.6544146026, 2006.0, 2179.6545246259075, 2021.0
2493.473641837168, 2299.0, 2468.425008384422, 2260.0
2254.315224886946, 2553.0, 2268.7062052408023, 2543.0
2199.938989928134, 2079.0, 2099.9411129569667, 2093.0
1456.2498474926408, 1778.0, 1359.2540501648753, 1731.0
2589.564882471918, 2593.0, 2559.8058169729434, 2591.0
527.4619493437839, 400.0, 554.5459310528266, 531.0
1732.4845847725553, 1746.0, 1792.639461231072, 1762.0
2320.914470125935, 2225.0, 2391.0352272089517, 2220.0
687.9779582081135, 578.0, 698.3820209604105, 524.0
1750.7290620973483, 1638.0, 1803.5710612079251, 1667.0
2103.3627797247077, 2103.0, 2098.5894633820967, 2091.0
2414.2801498457934, 2569.0, 2482.9171713744367, 2472.0
2662.463319620922, 2554.0, 2684.4559119291876, 2625.0
791.3688960910368, 662.0, 749.3010759790966, 716.0
2295.6026687940484, 1938.0, 2167.626268253674, 1971.0
2623.608008862579, 2763.0, 2648.5113961059765, 2847.0
2396.781277465761, 2765.0, 2462.3349696821724, 2705.0
2130.138594290352, 2669.0, 2397.562028878706, 2832.0
2073.80534411225, 2075.0, 2024.0579487322216, 2098.0
1464.1389785035183, 1622.0, 1679.8818913604255, 1691.0
1485.4639153038122, 1256.0, 1408.0121481468987, 1274.0
2950.0670694533264, 2930.0, 2950.369894477281, 2914.0
996.2669675134897, 1648.0, 1027.8070354682152, 1628.0
2165.6013685737444, 2178.0, 2183.660658273405, 2218.0
1879.9101224095082, 1575.0, 1924.5170120822602, 1581.0
1936.3205125521565, 1751.0, 1931.1180173971118, 1751.0
2125.815006896435, 2421.0, 2040.351717248332, 3166.0
1456.368551743467, 1491.0, 1353.8673039150985, 1634.0
2236.214072745877, 2236.0, 2249.8782911187245, 2208.0
2607.42671722009, 2792.0, 2665.458661684119, 2504.0
1214.3001689264422, 1546.0, 1221.5476583425373, 1590.0
2202.5277850680022, 1169.0, 2086.272237047406, 1220.0
796.2727311513266, 760.0, 857.2593143771251, 705.0
2101.4509158571136, 1905.0, 2197.106468861505, 1878.0
2610.224736341929, 2470.0, 2516.639956714763, 2358.0
1938.3149446689488, 2432.0, 1955.409128770715, 2324.0
2197.6717910269454, 2605.0, 2177.0107628447336, 2589.0
1964.9973547666486, 2117.0, 1939.7116496290223, 2076.0
1556.5361624458874, 1740.0, 1526.5924016950214, 1730.0
2580.982449362064, 2501.0, 2533.418676629711, 2566.0
593.2910316063552, 548.0, 540.6891785076123, 441.0
2924.916854453166, 3108.0, 2910.0779418298716, 2915.0
1421.4727675937177, 1276.0, 1317.7987608828125, 1304.0
2607.4938144092157, 2808.0, 2639.4927001205065, 2845.0
1752.9942197281282, 1244.0, 1639.4583390230262, 1217.0
1857.6775729580552, 1940.0, 1840.3280827344672, 1979.0
1071.2991026786722, 884.0, 1031.7262993553118, 832.0
1541.4078786811012, 1720.0, 1584.1829309805426, 1673.0
2497.8699827682562, 2049.0, 2554.969226199187, 2045.0
1962.5941619858338, 2160.0, 1888.8765239406578, 2164.0
1884.1075548478211, 1945.0, 1988.7281713778127, 1926.0
772.8920734451461, 748.0, 768.0164391462688, 763.0
1794.9494769436349, 1957.0, 1877.546159860048, 1982.0
2576.2780884084377, 2729.0, 2569.0733330909416, 2695.0
2501.0955524725778, 2765.0, 2520.78481703569, 2639.0
1056.371971887863, 991.0, 1078.6197875815649, 1009.0
759.9916127115526, 879.0, 695.2674201909489, 808.0
1916.0113095221784, 1477.0, 1883.423548898049, 1483.0
2288.6212327812036, 2288.0, 2303.069941289172, 2282.0
1277.8355657986028, 1143.0, 1285.8119272056979, 1144.0
1420.4101479886003, 1705.0, 1571.132477514677, 1714.0
2655.4771344840965, 2575.0, 2537.0732193910226, 2315.0
1372.899882035266, 1506.0, 1485.769462739602, 1562.0
2550.108734616226, 2666.0, 2571.4913181047436, 2541.0
1633.9793204981713, 1708.0, 1531.3389352790728, 1709.0
1802.137416545423, 1874.0, 1855.2565004257197, 1796.0
622.8780303113048, 863.0, 682.2673935008042, 878.0
1591.6642022855422, 1497.0, 1654.7858241704362, 1486.0
1262.6232146632908, 1002.0, 2440.719755333083, 1028.0
612.0571384085486, 541.0, 591.8944683283308, 406.0
1969.9572752432227, 1979.0, 1954.0971833152032, 2040.0
1155.8117690626134, 989.0, 1086.5043244087487, 998.0
1187.2320892056953, 1254.0, 1140.163445114519, 1248.0
2219.533167691964, 2267.0, 2449.5223173410373, 2364.0
1401.429994376133, 1600.0, 1427.1439755696833, 1599.0
2740.494786839163, 2885.0, 2843.584945404372, 2933.0
1196.386291855957, 1204.0, 1367.882142916153, 1159.0
1696.382735049681, 2351.0, 1859.0808980193792, 2473.0
1506.9702471636242, 1489.0, 1598.493707799227, 1502.0
1140.0395348751506, 1755.0, 1204.905574307001, 1720.0
2583.1037777832007, 2599.0, 2626.2441163633525, 2747.0
2541.884236202809, 2778.0, 2120.806163199379, 2562.0
1246.5376880068945, 1047.0, 1312.4747625591992, 1070.0
2304.358126812034, 2377.0, 2259.4240221202103, 2285.0
2675.6955912816065, 2655.0, 2631.4336926667975, 2858.0
646.1610916898136, 400.0, 686.0108818698651, 986.0
1601.953923875851, 756.0, 1605.3971405395057, 642.0
1339.6810480546285, 1503.0, 1329.923314090089, 1470.0
1741.5601753829194, 1590.0, 1479.1340312988987, 1526.0
1539.9117967326763, 1886.0, 1501.3406754520638, 1893.0
2139.3654260925077, 2292.0, 2159.8863434259283, 2236.0
2766.5505720881874, 2291.0, 2766.542900923777, 2309.0
2788.7685451161165, 3086.0, 2618.6729868322973, 2436.0
2459.530541890518, 2501.0, 2525.425103739464, 2794.0
2493.2558520948733, 2701.0, 2517.3091477607236, 2835.0
1414.4779689882469, 1855.0, 1424.504720139892, 1871.0
2582.7693532443022, 2618.0, 2653.357548641209, 2745.0
629.8309381804136, 698.0, 650.7537490644407, 791.0
2618.7959617712, 2376.0, 2603.6039793807777, 2523.0
806.3893012306248, 1183.0, 812.2341286003098, 1069.0
888.9515972782353, 1203.0, 886.2662303712782, 1265.0
2952.0449719908893, 2925.0, 2939.1097690703, 2919.0
1027.8347767984221, 1017.0, 959.5629877164449, 979.0
2946.358046085594, 2933.0, 2935.293602306227, 2934.0
1043.595646388551, 1136.0, 1160.0222129031574, 1111.0
1179.58217451566, 1130.0, 1149.1446158431806, 1122.0
1087.1551880951774, 1143.0, 1111.2512032463956, 1024.0
722.1153279355088, 1049.0, 793.835268045821, 1000.0
676.5413187304823, 919.0, 668.0225148874367, 1017.0
1974.0115186467287, 2087.0, 1913.8385131230154, 2135.0
1005.9776406110926, 623.0, 981.8728190994195, 775.0
2263.458513778294, 2324.0, 2396.0402670382136, 2354.0
1751.086942170643, 1236.0, 1795.544724880228, 1208.0
2266.18856459634, 2201.0, 2270.3901121817375, 2227.0
1988.3026734748062, 2148.0, 1946.327108619517, 2141.0
1174.7179575286063, 1575.0, 1297.1541296841715, 1558.0
2959.302562051582, 2919.0, 2945.955248894115, 2931.0
2418.821714777131, 2445.0, 2331.0019553767434, 2362.0
1189.37391031014, 1295.0, 1052.224626932353, 1348.0
723.1056111254193, 1025.0, 676.4938729706081, 1012.0
1881.4358953540107, 1795.0, 1866.2923890236495, 1826.0
1669.5954164693967, 1566.0, 1627.4659845431024, 1659.0
2509.114044185092, 2839.0, 2476.781584772456, 2781.0
2479.5174637837736, 2282.0, 2438.39358118913, 2311.0
2670.5899623093687, 2699.0, 2794.460673991723, 2838.0
2899.7071958637525, 2916.0, 2914.7918368311957, 2925.0
866.2590087178671, 1137.0, 868.6603727321476, 1129.0
1766.9385519488023, 1780.0, 1709.7953229649668, 1845.0
2585.318057724834, 2732.0, 2621.9623217636567, 2748.0
2489.990474645495, 2250.0, 2411.2619301170093, 2233.0
1958.4839239896617, 1465.0, 1928.7599565367225, 1463.0
2495.4236143634216, 2713.0, 2489.9573089794103, 2566.0
1530.2140015175444, 971.0, 1540.855442953257, 972.0
1923.9785347114328, 2053.0, 1874.6316795960095, 2044.0
2375.2500712214587, 2229.0, 2389.7778580822683, 2275.0
1316.2447467846264, 1585.0, 1271.621641247931, 1575.0
1292.0517355394743, 1109.0, 1189.055830956045, 1107.0
2442.076697765453, 2937.0, 2409.6916697073543, 2665.0
2179.2340799862222, 2146.0, 2279.6285879465686, 2081.0
959.8706475741596, 829.0, 953.6632631202867, 966.0
569.3404685083368, 609.0, 613.2510463256217, 722.0
1536.512383729072, 1404.0, 1443.1850121632262, 1476.0
2845.4682907213587, 2859.0, 2872.80353446401, 2939.0
2084.1344594029397, 2385.0, 2169.7034097786022, 2446.0
833.2136421791347, 942.0, 810.8920866202325, 1004.0
2238.467327765645, 2432.0, 2279.9179485504433, 2320.0
2522.0446836956976, 2499.0, 2571.210233804477, 2508.0
2557.183976159933, 2719.0, 2531.524576371641, 2691.0
1012.759483915409, 1151.0, 1047.828500898753, 1181.0
1398.47305567523, 1020.0, 1443.6104648198839, 1036.0
2549.787323144652, 2779.0, 2605.0426443707406, 2636.0
2695.6499839942094, 2695.0, 2690.441452306006, 2639.0
1635.9042607926438, 1562.0, 1573.3339440405098, 1522.0
1152.0431368520126, 1052.0, 1109.313690832308, 987.0
1871.9176477319972, 1706.0, 1819.3883254852178, 1712.0
2559.1221642560195, 2360.0, 2553.2451122655375, 2366.0
775.5958580033749, 1044.0, 759.04431958558, 977.0
1481.1832465622772, 1414.0, 1541.3757006161113, 1412.0
1577.456190468102, 1691.0, 1637.6337155369035, 1686.0
2362.542488480677, 2465.0, 2476.9577240104454, 2609.0
1933.9114247872624, 1824.0, 1902.4789524065632, 1804.0
952.5898130837322, 997.0, 1012.9545629506474, 1016.0
2130.478326108889, 1955.0, 1194.6765032560986, 1916.0
1150.7778939018053, 1291.0, 1115.567054470467, 1345.0
2128.985147490032, 2710.0, 2073.1636881909394, 2565.0
2157.5753227113446, 2918.0, 2196.908978946233, 2926.0
1745.9285028833467, 1164.0, 1636.8431769743795, 1127.0
2710.6535196557716, 2802.0, 2724.2951496860205, 2792.0
1380.4649433495274, 1384.0, 1356.4996470759595, 1436.0
1331.8962367115346, 1760.0, 1413.1008048711458, 1787.0
2474.8818620186858, 2916.0, 2497.388781353162, 2576.0
2345.3834731769816, 2144.0, 2448.2674357744136, 2166.0
1769.257733860991, 1856.0, 1882.203108344931, 1894.0
988.9608809142694, 1134.0, 921.4646850002476, 1204.0
2095.353305986353, 2384.0, 2236.614673208155, 2364.0
2206.484858362259, 1931.0, 2555.2556690910405, 1917.0
2543.122511208569, 2865.0, 2566.9571784743844, 2661.0
2187.811749917853, 1948.0, 2176.3362221861594, 1963.0
1648.480252200654, 1994.0, 1606.1132804147228, 2001.0
1167.2483594023577, 1078.0, 1271.8029607793417, 1162.0
814.0395518092694, 881.0, 893.4157473271126, 926.0
1428.5884365527013, 1156.0, 1410.3650111923334, 1043.0
2180.575242655967, 2237.0, 2162.584366582258, 2240.0
1319.287503610545, 1202.0, 1261.1146062368318, 1207.0
2753.832854693995, 2933.0, 2724.306620408744, 2759.0
1926.6063226068225, 1206.0, 1819.1829595853749, 1205.0
2669.8727582832107, 2900.0, 2657.448264441533, 2796.0
2602.674090754396, 2065.0, 2640.0145906864295, 2067.0
2817.7384671790915, 2568.0, 2706.306498086887, 2346.0
2051.3856143994476, 1985.0, 1989.1957278399864, 1984.0
439.75759801908487, 401.0, 515.410525735661, 471.0
2626.1724080648555, 2613.0, 2646.8927090854504, 2617.0
1408.4017569309754, 1605.0, 1301.3354261559914, 1636.0
2006.5123634809663, 1783.0, 2071.6605993665703, 1751.0
1887.0155065254446, 1911.0, 1884.5978467623877, 1911.0
1323.0581199337719, 1466.0, 1308.493968019342, 1512.0
2369.754455907969, 2242.0, 2344.7414285886894, 2384.0
1134.8015549325103, 2427.0, 992.0426445545015, 2488.0
2150.4828030438075, 2111.0, 2135.481066145558, 2019.0
743.0359716884471, 641.0, 685.5249636816839, 553.0
1400.1914734117447, 1240.0, 1373.163274741836, 1324.0
2562.9638445402925, 2623.0, 2586.3819142302423, 2580.0
1085.4325652188982, 1426.0, 1130.4616207322429, 1449.0
2090.54387828267, 1718.0, 2075.5090031301374, 1713.0
2947.1851663134394, 2936.0, 2935.612806269545, 2923.0
2544.731560633413, 2718.0, 2598.5529484703407, 2815.0
1346.3295007186434, 1770.0, 1280.0456161584148, 1741.0
2703.5687904811234, 2396.0, 2634.176513146373, 2361.0
2528.888800075662, 2350.0, 2531.497371790876, 2259.0
2150.704104942859, 1756.0, 2243.3769016433307, 1667.0
1707.440639696079, 1315.0, 1685.6135328240405, 1250.0
1897.3534168697292, 1573.0, 1833.3802250191018, 1542.0
1557.8977085614256, 1334.0, 1600.4426123474393, 1204.0
2106.190002184006, 2620.0, 1795.8469883098883, 2657.0
2120.0581868172226, 2170.0, 2083.4927455760994, 2311.0
1183.78991903115, 795.0, 1077.2886247041588, 795.0
615.7052344653541, 808.0, 634.0421736785632, 806.0
2250.527012489279, 2496.0, 2272.1562092955896, 2468.0
2026.7532193855463, 1844.0, 1941.906982948321, 1820.0
853.6285544463494, 424.0, 769.6630628200006, 518.0
1270.9008232314143, 1273.0, 1328.7845771704033, 1256.0
1397.9782245834738, 1805.0, 1493.0271625877524, 1896.0
1177.554588512956, 1372.0, 1193.893384477789, 1389.0
1620.9197750844417, 1856.0, 1603.6790703663085, 1855.0
1652.5908863952113, 1928.0, 1677.3139924633088, 1891.0
1486.5601693341773, 1315.0, 1458.8319071809192, 1320.0
1812.1435191934208, 1668.0, 1753.2606760859405, 1706.0
746.2374591906955, 865.0, 823.3161273713033, 821.0
2734.265117884841, 2923.0, 2670.4225600478007, 2912.0
2327.9645901061695, 2114.0, 2276.816273971809, 2203.0
1984.1488116881435, 1586.0, 2048.935624440643, 1553.0
2526.527019331628, 2299.0, 2515.697527143483, 2267.0
933.4750914520466, 748.0, 976.6407900318758, 817.0
1405.1285487423613, 1633.0, 1453.907744171211, 1709.0
977.8163293049757, 949.0, 978.804462781035, 1022.0
2073.583499277094, 1985.0, 2078.6637934346877, 2013.0
945.9710972330738, 1153.0, 895.6566026912078, 1138.0
943.552668225262, 761.0, 933.1355393794082, 754.0
2903.194667376828, 2815.0, 2932.252904976711, 2948.0
2705.071756791455, 2759.0, 2636.429076710579, 2861.0
1327.0530651849128, 1088.0, 1290.5296087919435, 1114.0
1714.5299546854355, 1435.0, 1672.4627925028265, 1391.0
2040.8377291229485, 1899.0, 2041.721646189736, 1909.0
2705.5630466106486, 2480.0, 2697.7816991051877, 2544.0
2335.1272473034637, 1943.0, 2261.5446957277636, 1964.0
1976.3173740854088, 2056.0, 2046.6409909411693, 2004.0
2254.3461758335843, 2075.0, 2260.7249600867967, 2059.0
2923.2156099249487, 2868.0, 2943.8995317154627, 2896.0
1697.195494646049, 1914.0, 1911.512724247073, 1905.0
2699.3227890054964, 2349.0, 2783.1328804751693, 2379.0
812.0220415818723, 774.0, 811.2941690537783, 763.0
616.3604288785236, 548.0, 584.7480403736924, 604.0
1379.9383332813354, 1322.0, 1402.5977937258572, 1277.0
1934.4389096205946, 2049.0, 1912.9151488938937, 1939.0
2954.6608456334766, 2924.0, 2947.8342293961614, 2932.0
2865.007857371779, 2328.0, 2903.823148036717, 2272.0
2676.163745375276, 2684.0, 2700.589780439102, 2550.0
2604.6924126132367, 2222.0, 2691.936911784325, 2184.0
2425.95789223097, 2480.0, 2453.441670627182, 2590.0
2368.1108666292675, 2094.0, 2338.854599927511, 2176.0
895.0921309864182, 787.0, 931.0637991746518, 781.0
2484.956220255765, 2667.0, 2526.974158464201, 2814.0
606.7724383840459, 559.0, 607.670267465257, 619.0
1282.7917585821433, 1317.0, 1244.727476242888, 1358.0
2100.451203062485, 1988.0, 2067.0264661915644, 2061.0
2318.0375938508964, 2233.0, 2475.962844190766, 2263.0
1688.459145181495, 1879.0, 1530.8577890799274, 1866.0
1623.5846547299732, 2347.0, 1447.208923694869, 2370.0
2188.124266054309, 2506.0, 2234.3085348520303, 2517.0
1424.5435648085208, 1609.0, 1374.794066235656, 1572.0
1600.1132555814545, 1754.0, 1464.940782173568, 1772.0
1565.4178838624862, 1070.0, 1593.9020429056088, 1519.0
2808.145817753673, 2470.0, 2775.524967732554, 2631.0
1181.2554475215854, 1474.0, 1273.0687397807033, 1442.0
658.1297999490539, 697.0, 637.8431562139457, 669.0
2862.498696768034, 2869.0, 2884.57259101598, 2926.0
2275.0444755582316, 2333.0, 2292.4997413478163, 2283.0
1251.5079630390433, 1012.0, 1228.255475528676, 989.0
1138.558575300248, 1458.0, 1260.3972645180845, 1464.0
1478.544845929956, 1229.0, 2339.647910979152, 1299.0
2339.0846184238444, 2374.0, 2264.7017451759693, 2432.0
1699.6939250238217, 1525.0, 1678.0899834225313, 1508.0
2624.2580246772222, 2411.0, 2699.3333915211188, 2455.0
2962.6560925625854, 2912.0, 2956.6681071399244, 2938.0
1372.0496008170276, 1811.0, 1425.2796744930831, 1781.0
630.4677397803736, 439.0, 686.1288640127485, 516.0
2770.7090728147678, 2869.0, 2775.784844859116, 2530.0
709.7740684338352, 542.0, 769.8026365841383, 533.0
2163.9541851897116, 2120.0, 2133.672125798874, 2021.0
1192.317749317132, 1485.0, 1162.2511428868663, 1474.0
868.4219420363163, 804.0, 945.0792945099523, 758.0
2321.5033176877537, 2113.0, 2086.5391237966064, 2056.0
1018.8960429641662, 1722.0, 997.5399769315889, 1680.0
1614.0655568748828, 1772.0, 1557.215572119006, 1730.0
2901.6102011875982, 3168.0, 2898.3547320485263, 2420.0
2515.061030560614, 2228.0, 2358.722569522084, 2181.0
1027.7294077140039, 930.0, 1026.762501820723, 844.0
1728.9525672255554, 1997.0, 1707.5650162989814, 2008.0
823.6270749042379, 995.0, 937.8341724743703, 989.0
2537.0145456427194, 2563.0, 2553.069465558539, 2676.0
1397.2105799091355, 1905.0, 1452.3208678197643, 1928.0
2570.885893203279, 2287.0, 2552.6927936345846, 2373.0
1713.212766102741, 1674.0, 1737.1722314372107, 1643.0
2553.505230726457, 2324.0, 2547.8868727157433, 2467.0
962.9740530804589, 713.0, 1130.3215684597617, 768.0
1618.6012828903342, 1477.0, 1725.5928374442985, 1490.0
2539.055655389811, 2704.0, 2537.582695200828, 2725.0
2479.165739537143, 2191.0, 2467.9027961004567, 2154.0
2628.4670866273896, 2899.0, 2619.6120373322647, 2676.0
2278.078146595217, 1946.0, 2166.3142558376708, 1920.0
2624.7255118823095, 2513.0, 2709.539125581384, 2516.0
2277.8652383808267, 2355.0, 2254.0666950507184, 2318.0
2602.498050347012, 2412.0, 2594.401911861006, 2392.0
1603.579066258968, 1564.0, 1707.4654000243502, 1594.0
1317.685255573357, 1149.0, 1351.4788900069814, 1199.0
716.9170562830898, 737.0, 711.5380554274487, 630.0
1836.9502971752258, 1574.0, 1788.40126429988, 1616.0
1883.2935124631465, 1830.0, 1810.4043699690326, 1802.0
1340.3443146904667, 1633.0, 1236.248526518788, 1637.0
2563.8892227094557, 2686.0, 2580.2818753801307, 2890.0
2746.0496609475977, 2674.0, 2915.5909542605878, 2940.0
2594.6465602602475, 2632.0, 2650.266955897623, 2875.0
2618.687553364919, 2138.0, 2510.9299851641895, 2148.0
1932.3673910987382, 1843.0, 1936.785400061285, 1839.0
1171.6060109127172, 1983.0, 1392.3101015582072, 2013.0
838.6252570360989, 686.0, 804.3050566831067, 504.0
1706.6476512532508, 1492.0, 1622.5724818386632, 1463.0
2877.3442053291424, 2925.0, 2915.256171737508, 2925.0
1175.2762610670443, 1326.0, 1143.4977387858498, 1321.0
1457.2423096198709, 1206.0, 1431.2431577459354, 1312.0
2613.599323338558, 2467.0, 2606.470760504372, 2416.0
1492.6754333923302, 1248.0, 1541.3084995627298, 1119.0
1132.2469536325568, 1052.0, 1050.7585850649552, 944.0
2601.3281729515843, 2997.0, 2601.7767331450987, 2680.0
2911.4522168499684, 2863.0, 2911.8894578982463, 2919.0
2384.6096201075375, 1947.0, 2250.868064581059, 1886.0
2934.9429071352088, 2851.0, 2950.688568920443, 2908.0
1914.5736092815089, 1938.0, 1937.3821113143547, 1938.0
624.8504967675136, 440.0, 616.3244932803608, 493.0
2024.6080379299005, 2102.0, 1990.5344861070298, 2098.0
2446.0967838947363, 2422.0, 2425.978131626821, 2446.0
1977.8117227167038, 1843.0, 1987.1136828691795, 1798.0
2587.8922050425417, 2408.0, 2494.2920038189923, 2972.0
1769.7691913292924, 1865.0, 1842.9060873772114, 1860.0
1899.5766356979452, 1706.0, 1965.162823810642, 1735.0
560.1882926535167, 652.0, 570.367513492761, 698.0
2951.6013555200193, 2902.0, 2939.0506829369483, 2894.0
914.7718576625052, 780.0, 930.4757974801491, 781.0
1562.3885748632465, 1804.0, 1606.0284156577306, 1877.0
861.0919503568974, 979.0, 880.2231214336607, 965.0
1614.3082336428486, 1828.0, 1603.9741234019618, 1831.0
1993.0030692841747, 1919.0, 1941.2149110348323, 1971.0
2940.1958639289496, 2930.0, 2832.8841966894397, 2900.0
1529.5067356324014, 1215.0, 1519.2829738887115, 1262.0
1907.534319994936, 2063.0, 1945.4546891902173, 2116.0
2268.5941301764638, 2319.0, 2422.070887962086, 2287.0
1092.367968709868, 540.0, 1103.9098120533781, 624.0
2591.4363937517014, 2523.0, 2610.4310547064965, 2539.0
617.0992679185513, 652.0, 576.1465814330103, 709.0
2104.307746613073, 2639.0, 2019.6639635485371, 2835.0
1533.8659180489049, 1305.0, 1636.8373385327436, 1320.0
977.8730978345477, 1359.0, 1018.7762732474595, 1237.0
1016.6665834884192, 1004.0, 1029.0227251522363, 998.0
1971.7805389563675, 1800.0, 1870.4162656042067, 1801.0
912.7524939370677, 1294.0, 937.3908870938707, 1295.0
1921.6196717696594, 1649.0, 1864.4787430870858, 1629.0
651.3085433185154, 850.0, 694.1098669355267, 947.0
1109.4929466414883, 875.0, 970.6273644186349, 891.0
1745.389837203494, 1593.0, 2496.200785295494, 1596.0
2466.571139304639, 2231.0, 2523.8099456860273, 2383.0
2328.8710285980274, 2316.0, 2299.824814150116, 2459.0
2217.804958627765, 2202.0, 2310.6556468775557, 2212.0
1631.5536896897825, 1883.0, 1414.5107067635051, 1852.0
1696.4521593608401, 1641.0, 1861.636690676742, 1617.0
1740.5944700083076, 982.0, 1639.3160708222852, 1125.0
1896.7403325001778, 2091.0, 2056.5504172557316, 2173.0
696.3654293600331, 650.0, 727.0780331665981, 712.0
2416.757517957209, 1895.0, 2678.8300716738854, 1856.0
1308.1879359242857, 1314.0, 1263.9188905882816, 1326.0
935.8960392477925, 1170.0, 856.5493185553996, 1104.0
2541.6331909470255, 2872.0, 2611.4530018038918, 2739.0
1147.7918523326912, 1002.0, 962.6285607182311, 974.0
2925.557728263557, 2914.0, 2927.6986425648724, 2920.0
2191.620877945374, 2381.0, 2168.8396913972197, 2428.0
2537.7754104076553, 2224.0, 2463.1313220177126, 2208.0
1501.8159176318654, 1446.0, 1533.3406508029195, 1439.0
2630.1332551087303, 2631.0, 2560.0875954590733, 2611.0
2506.6300124143027, 2867.0, 2504.362878404683, 2735.0
2446.5035886369087, 2666.0, 2593.99625979998, 2909.0
711.147485411328, 825.0, 704.8949666488371, 680.0
1710.3785656115904, 1815.0, 1690.0108355431792, 1756.0
1090.7541356630402, 1136.0, 1136.7499385125998, 1131.0
2438.0937205276664, 2383.0, 2381.4731427018933, 2355.0
720.9906612141491, 775.0, 758.6379766597032, 802.0
2620.2791995180837, 2762.0, 2676.9139417793326, 2904.0
1527.4840109469574, 1134.0, 1452.469086766997, 1218.0
2105.263731703543, 2481.0, 1996.620053123421, 2429.0
2377.8222906191945, 2506.0, 2435.7664424466448, 2547.0
868.3470850894618, 901.0, 814.7394070971634, 874.0
2942.950747739908, 2911.0, 2962.810690578061, 2910.0
885.1454528420156, 986.0, 781.6236403870713, 984.0
638.4728939937336, 725.0, 685.5486058288157, 880.0
2602.4426665678034, 2346.0, 2666.286690038885, 2507.0
2568.0992935899844, 2377.0, 2452.817028526378, 2235.0
1109.5462084591043, 1162.0, 1445.9983110461528, 1117.0
1750.5711825522003, 1552.0, 1754.1552733694014, 1527.0
2205.9283557417434, 2556.0, 2290.5982825332867, 2575.0
2565.9883483922754, 2035.0, 2608.987105538189, 2008.0
2561.854307554089, 2530.0, 2603.7458846981694, 2678.0
2951.01230188047, 2932.0, 2852.6091151982837, 2922.0
2592.3723044805733, 2437.0, 2694.1934092088777, 2482.0
2630.4664929924265, 2282.0, 2488.100189809061, 2352.0
1157.3264987354407, 1437.0, 1205.6840993718076, 1449.0
623.0555941814944, 656.0, 636.9982026934218, 667.0
2196.903747564424, 2300.0, 2171.912723983336, 2320.0
2523.3465337306334, 2337.0, 2534.8154159610262, 2272.0
2178.6145833452592, 2152.0, 2286.3509232311526, 2130.0
2439.6621727986794, 2300.0, 2586.245723752136, 2375.0
2274.158886832616, 1693.0, 2259.7381466235242, 1694.0
771.5954594955219, 1486.0, 895.2475861163794, 1451.0
1309.9147256470906, 1056.0, 1334.974337297116, 1064.0
1216.617205617256, 1727.0, 1048.089834121858, 1868.0
1743.957433115308, 1757.0, 1803.9121561443112, 1881.0
771.9909931806959, 874.0, 858.3599685140641, 910.0
2158.264938664126, 1891.0, 2160.7117912482368, 1919.0
2026.906455181584, 1585.0, 2023.6852742273045, 1614.0
1288.5631295124667, 1758.0, 1406.3990208328457, 1767.0
1401.7466660076018, 1666.0, 1425.8665780838883, 1656.0
2897.8581644579945, 2929.0, 2869.329246953756, 2818.0
1634.0250232314465, 2165.0, 1621.5907569196922, 2158.0
2201.421914824012, 2022.0, 2189.9158651935677, 1925.0
1649.273860230293, 1637.0, 1705.805611844255, 1555.0
1970.0489958854628, 1840.0, 1932.7383450204047, 1890.0
1160.8947569642498, 1015.0, 900.9889834323191, 1006.0
1188.4691490261855, 1074.0, 1178.0531580855386, 1046.0
692.2583681427919, 592.0, 626.8627902923737, 626.0
2269.961731185322, 2255.0, 2290.844359344449, 2185.0
733.197176880003, 900.0, 698.3892963092374, 865.0
1082.320434385312, 911.0, 1051.691785551412, 928.0
1724.6319676268415, 1582.0, 1730.562919111988, 1566.0
990.7804791659801, 1500.0, 927.4096572852757, 1543.0
1117.1062316571229, 1437.0, 1089.549045067276, 1440.0
2240.386565115235, 2529.0, 2267.2690697429953, 2489.0
1182.4964524034597, 1256.0, 1264.3473992879713, 1229.0
721.1956796740152, 1196.0, 720.124263224618, 1079.0
1360.934785305799, 1792.0, 1380.9318116339555, 1761.0
2941.060421028591, 2925.0, 2944.583578798522, 2915.0
1179.5417904256221, 948.0, 1327.9316499651156, 801.0
1141.7595430928566, 1327.0, 1214.6279039288684, 1292.0
1675.944410844935, 1694.0, 1644.3448937126393, 1725.0
658.2645946992717, 600.0, 565.5264741224759, 538.0
684.8093504770575, 662.0, 651.8920459413257, 796.0
1809.8035525827795, 1898.0, 1820.8399062716405, 1973.0
1426.3536571540274, 1426.0, 1300.5664193258783, 1399.0
1739.0631402324439, 1858.0, 1735.1794002610359, 1817.0
1393.7620592310502, 1884.0, 1251.2118872925234, 1900.0
648.8281963299893, 781.0, 696.724299644119, 670.0
1467.7815573285181, 2060.0, 1513.307736637647, 2119.0
2647.538157461787, 2619.0, 2584.6382746173667, 2497.0
2525.488086806143, 2375.0, 2527.4712391931193, 2428.0
2299.6868124767784, 2111.0, 2335.996729711903, 2130.0
2156.9271144636687, 1714.0, 2101.799499056087, 1688.0
2607.32941723581, 2781.0, 2601.682366190448, 2695.0
2292.8862877417623, 2533.0, 2205.4073352100604, 2556.0
2335.011820948053, 1990.0, 2200.8068431801753, 1999.0
2952.1026836495175, 2921.0, 2845.0721304160306, 2931.0
1825.029438946946, 1689.0, 1824.0096978229215, 1718.0
842.0053758968864, 593.0, 928.5567371783652, 601.0
1240.2750553066928, 1535.0, 1226.4755357849428, 1537.0
1974.911798803147, 1799.0, 1980.0548388881102, 1778.0
2458.910440724437, 2695.0, 2537.847047051876, 2832.0
850.6324473566402, 1132.0, 857.6661971186411, 1208.0
1660.967590837429, 1415.0, 1739.2684908035847, 1402.0
2071.0037299136984, 1910.0, 2109.6672179532175, 1929.0
2248.7312283628107, 1966.0, 2247.351471160593, 1975.0
1766.1874861750534, 1651.0, 1741.69695027901, 1654.0
1675.7517257988704, 1937.0, 1706.0912418829075, 1908.0
1554.6588462093976, 1616.0, 1669.8664456126573, 1663.0
1378.175159108036, 2034.0, 1509.1512725724979, 2033.0
1045.2451430600388, 864.0, 984.2898556417841, 875.0
718.1256296216656, 565.0, 719.4896172607739, 580.0
2921.5798603649164, 2957.0, 2826.275973689372, 3155.0
792.4736369173617, 774.0, 800.6310586060857, 904.0
1207.326067495202, 1609.0, 1154.9463899678344, 1555.0
2140.332366992921, 2564.0, 2120.80487172131, 2684.0
2387.9828113459207, 2431.0, 2406.2640907742334, 2394.0
2261.315042930441, 2434.0, 2317.309620347359, 2501.0
605.513837994261, 433.0, 644.1308675706929, 532.0
2376.762620613295, 2163.0, 2368.5344579786524, 2210.0
2171.6351013126955, 1707.0, 2134.0232303927673, 1725.0
845.8359223649389, 1022.0, 885.0692218858662, 1040.0
1268.6866606268786, 1046.0, 1186.411565088809, 1062.0
1166.0982780743013, 1116.0, 1180.2689540974002, 1021.0
2352.290812345465, 2258.0, 2384.063146504506, 2361.0
767.3137135268164, 794.0, 835.9705588446458, 916.0
938.2621391106172, 811.0, 877.4001940503123, 869.0
631.3881820470139, 694.0, 588.5514417514529, 682.0
2033.5583328987095, 1899.0, 2023.2731985753928, 1877.0
1431.9274478777695, 1421.0, 1394.544990134788, 1501.0
1792.933077119451, 1586.0, 1646.4894470835898, 1686.0
1682.3089119061847, 1125.0, 1662.426212037584, 1219.0
2529.4162874898598, 2565.0, 2469.70266497591, 2547.0
762.4833679310374, 557.0, 794.5864807315826, 424.0
2095.2941643681656, 1782.0, 2141.8021720450433, 1706.0
2142.2265420236845, 2506.0, 2012.5377421654575, 2424.0
2312.33094755673, 2199.0, 2391.7002140876984, 2243.0
1223.8152459951743, 1169.0, 1222.0444587150935, 1182.0
950.8505205772467, 937.0, 1046.6829646409524, 972.0
2208.5604332255893, 2216.0, 2463.3409553524834, 2190.0
1031.3380149014718, 873.0, 1057.6996544976628, 766.0
2621.3519435147055, 2587.0, 2623.9031117027735, 2630.0
1830.1530906015576, 1818.0, 1819.658777865563, 1789.0
1986.0774300823828, 2112.0, 1716.8986586676738, 2141.0
698.0600589067012, 485.0, 734.5756335291509, 429.0
1607.0005270693764, 1723.0, 1609.2281778812073, 1735.0
1990.2408396166663, 1916.0, 2029.6392984257202, 1906.0
2587.5075018235516, 2745.0, 2591.4270466279954, 2614.0
1026.8298991653726, 2056.0, 1088.970825712403, 1988.0
1067.5495570338496, 1097.0, 1038.11737604212, 1111.0
2500.242065049883, 2258.0, 2605.059965749669, 2330.0
1596.7005395208025, 1657.0, 1630.7825349323346, 1684.0
1446.9194754102173, 1271.0, 1424.1559218172463, 1252.0
925.5437407375459, 1065.0, 951.2821660978321, 1098.0
2188.186172741782, 2182.0, 2070.8236892801788, 2135.0
1340.7012981014288, 1326.0, 1413.5682797836869, 1238.0
678.4464887690029, 476.0, 795.8047531274356, 667.0
903.7177401649795, 1133.0, 912.2487176385503, 1101.0
2513.538097573094, 2654.0, 2522.2303028651327, 2802.0
911.9181506172905, 1012.0, 1018.1243943704966, 990.0
1841.878584175769, 1708.0, 1781.7081011283515, 1709.0
1724.9952690542593, 1818.0, 1799.778657741839, 1822.0
1401.4328855581812, 1265.0, 1312.132529348201, 1317.0
1560.1092481539724, 1534.0, 1348.8520120441685, 1649.0
1581.0884695213867, 1888.0, 1543.9432857553504, 1907.0
522.9389669684435, 455.0, 557.8630312855832, 592.0
2916.8023473738067, 2874.0, 2936.929515048352, 2881.0
2481.2722520143193, 2891.0, 2542.1229489108146, 2798.0
1084.6837709843057, 1135.0, 1292.5177205322666, 1183.0
1598.214912541341, 1258.0, 1610.924768789785, 1275.0
949.0621035877712, 913.0, 980.3780132944016, 952.0
1757.406085168907, 1758.0, 1788.4890523471372, 1769.0
2351.6543904121554, 2511.0, 2406.828173831552, 2347.0
1823.5528985981796, 1760.0, 1765.0525172029986, 1755.0
2520.6397977794086, 2640.0, 2533.5619809896266, 2666.0
1925.2622402397658, 1568.0, 1831.6356005160997, 1562.0
2056.6237109729714, 1957.0, 1984.6860346228507, 1958.0
1987.1574970323927, 2259.0, 1927.151356860183, 2250.0
1656.4173531483955, 1578.0, 1616.2838508436942, 1561.0
660.7178634405167, 634.0, 728.1670032686715, 538.0
2188.865948442909, 2449.0, 2124.921948744461, 2556.0
1865.8237968915012, 1819.0, 1940.3088807382694, 1748.0
1160.0554518143613, 1651.0, 1099.7670067380477, 1665.0
2429.923865168487, 2586.0, 2223.3733629191725, 2666.0
2497.057982617134, 2301.0, 2636.831560467798, 2369.0
1896.7414815224731, 2111.0, 1865.4778645937727, 1988.0
705.996649207577, 691.0, 710.4379547688144, 704.0
2117.6633682300658, 2153.0, 2159.2735808384505, 2163.0
1772.721811382404, 1728.0, 1726.0691555657297, 1700.0
1031.862987659765, 1304.0, 1031.7605906977517, 1408.0
1723.467963391241, 1649.0, 1652.1477529216843, 1593.0
1585.3079135981072, 1862.0, 1651.2040693274664, 1812.0
2288.508097691157, 2647.0, 2523.069759437801, 2856.0
2688.431189194802, 550.0, 2660.150186698088, 433.0
2001.047525892713, 2049.0, 1951.1964937016464, 2064.0
623.9970521384628, 424.0, 623.0143487631661, 564.0
2567.513637846708, 2254.0, 2323.30081582418, 2215.0
943.6099757898015, 974.0, 1029.3258264278877, 976.0
2951.184365351793, 2930.0, 2954.159863727245, 2928.0
1529.2411497749263, 1503.0, 1569.6163423060239, 1411.0
2958.730611260409, 2912.0, 2944.448867790293, 2937.0
1293.1715867569621, 1387.0, 1371.8962832507702, 1387.0
2086.1506457042674, 1745.0, 2059.895404759201, 1783.0
813.6164964474547, 629.0, 739.7214469797678, 535.0
1649.9532116854205, 1114.0, 1670.9022108633967, 1084.0
2479.4110787998975, 2568.0, 2466.140615432876, 2443.0
673.022956936892, 850.0, 703.1031225482458, 829.0
2454.4319788142375, 2285.0, 2442.3322268144193, 2368.0
2942.0363295312245, 2922.0, 2949.0392697866646, 2933.0
1097.442011332397, 1068.0, 1097.1326141791571, 1098.0
2531.076661560564, 2552.0, 2543.749009857073, 2579.0
987.7306030915115, 992.0, 886.4180498511556, 860.0
1613.0470889253174, 1372.0, 1662.0010441922793, 1372.0
2226.74278878798, 2056.0, 2137.9910729779344, 2080.0
903.8213390712076, 869.0, 852.9422379198099, 796.0
1164.0201523318565, 1211.0, 1129.6933601711114, 1115.0
1423.3335278203162, 1469.0, 1356.4301233618314, 1374.0
1729.662485202644, 1831.0, 1716.3516042438598, 1813.0
1501.7102010475223, 1613.0, 1370.9387397316277, 1603.0
2385.366637388153, 2196.0, 2462.3817531751874, 2267.0
2489.1933526520393, 2626.0, 2511.566906341277, 2817.0
1507.2585445905365, 1388.0, 1686.7691337412855, 1345.0
1829.9190117981639, 2128.0, 1836.9110739916598, 2117.0
1616.8740074370455, 1842.0, 1638.5351998900494, 1879.0
1736.1966128698084, 1916.0, 1838.980765533664, 1932.0
2379.208435308435, 2193.0, 2371.876927738983, 2183.0
2227.4746222931954, 2285.0, 2259.670955868168, 2345.0
1989.505495800205, 1906.0, 1955.6919868023597, 1861.0
2943.6476335753773, 2927.0, 2861.1279899501683, 2812.0
773.2165263624049, 868.0, 792.466736034199, 930.0
2467.06792185317, 2251.0, 2508.7927352693355, 2282.0
691.8649585638475, 832.0, 656.1773892298474, 718.0
1725.0598042230638, 1438.0, 1648.883353529469, 1467.0
2398.357993877476, 2006.0, 2471.289797658494, 2105.0
1644.2008589644659, 1716.0, 1726.4115886275495, 1792.0
1615.9295995873847, 1386.0, 1585.1957364007008, 1388.0
2045.9556478676582, 2488.0, 1970.1555082838574, 2434.0
2177.0285573045644, 1550.0, 2172.52339041315, 1571.0
1486.2789492500854, 1616.0, 1494.5802665848241, 1631.0
2887.893421532409, 2834.0, 2942.9914090085904, 2930.0
2824.23475097823, 2780.0, 2956.198966414518, 2887.0
2431.9023229651407, 2527.0, 2471.071998505631, 2497.0
1706.4804298433392, 1577.0, 1652.5036972937712, 1568.0
2404.8169339195215, 2465.0, 2356.018117295225, 2586.0
1376.8611174596556, 1531.0, 1379.1542198200443, 1490.0
2956.349367816719, 2926.0, 2947.7020595153767, 2940.0
710.5071228564401, 864.0, 707.5195755307763, 844.0
1908.068044581302, 2138.0, 2009.6209268355346, 2115.0
2279.088605423358, 2238.0, 2193.576829805055, 2265.0
2054.641643899594, 2423.0, 2032.7118360340814, 2274.0
2366.5113415254114, 2462.0, 2465.1768087003793, 2502.0
2644.853707458335, 2678.0, 2689.4365958197886, 2806.0
2752.198683393302, 2849.0, 2886.4673877025066, 2930.0
959.3845116035933, 872.0, 966.077639850505, 903.0
940.0009991068329, 1570.0, 907.8656544933696, 1578.0
1629.028806277217, 1396.0, 1761.6022141854874, 1318.0
2837.2249981208347, 2925.0, 2953.8259387763437, 2928.0
2234.3595047970953, 1618.0, 2367.9672712462884, 1646.0
2757.3691119776577, 2934.0, 2799.0058791151732, 2875.0
1108.0791219725077, 1452.0, 1136.6360140078161, 1442.0
2800.1008378671213, 2919.0, 2658.2901998219354, 2921.0
2021.683849519156, 2054.0, 1972.842585031517, 2071.0
1723.877427945051, 1991.0, 1726.314748970554, 1996.0
2400.576031860197, 1459.0, 2492.971151275983, 1449.0
1417.5286815069578, 1464.0, 1360.5374523023895, 1510.0
2122.2993674644977, 2312.0, 2061.5576674117947, 2275.0
1761.018760128214, 1873.0, 1862.9606147187108, 1766.0
2648.202428234476, 2603.0, 2593.611781028414, 2414.0
1246.3558769413605, 1006.0, 1134.8498340879073, 1040.0
2969.6431504689463, 2879.0, 2946.343136794015, 2903.0
2907.68767784504, 2910.0, 2962.486456557764, 2920.0
2338.846659801691, 2131.0, 2387.6433865766426, 2090.0
1340.2106299399284, 782.0, 1252.5222913806347, 779.0
1755.9396725471709, 1773.0, 1840.2063075441513, 1744.0
2609.552545492021, 3107.0, 2668.889030169161, 2407.0
2552.406724649879, 2275.0, 2561.093332827256, 2325.0
2237.5742044402527, 2215.0, 2271.9477939871854, 2261.0
963.8992212863002, 657.0, 1003.5379902252041, 809.0
1722.8497618576046, 1906.0, 1664.1594256906712, 1960.0
2085.3545145128046, 2045.0, 2280.055142589918, 2105.0
1881.0224181695412, 2036.0, 1947.54174060648, 2020.0
1696.8523704072338, 1135.0, 1654.9097473362974, 1195.0
2735.0911632464886, 2927.0, 2735.5073581417396, 2924.0
857.0808691256292, 629.0, 877.7819607984948, 702.0
2569.0381308228725, 2690.0, 2577.279240854931, 2747.0
2379.4221242247277, 2084.0, 2660.8893270856283, 2089.0
667.5394377997686, 503.0, 638.7062292310486, 454.0
2913.5709579687655, 2925.0, 2886.3013704806917, 2939.0
2521.549639282124, 2438.0, 2547.5427733102115, 2402.0
1722.204139809158, 1691.0, 1786.3795917400403, 1712.0
1701.058621719523, 1732.0, 1719.794812796505, 1716.0
2805.851082817807, 2827.0, 2949.9121449967033, 2932.0
2932.7826481480074, 2920.0, 2939.254787531393, 2923.0
2408.8897886163923, 2508.0, 2454.6593132620883, 2534.0
2228.3388304453842, 1855.0, 2231.8345032112907, 1788.0
2709.9188841998107, 2652.0, 2727.056326890314, 2638.0
2198.6936231611003, 2468.0, 2027.91755429165, 2368.0
2794.0569696925204, 2875.0, 2710.8500027756827, 2925.0
2694.7712114776077, 2803.0, 2728.7149618035, 2623.0
1192.9860679913718, 1122.0, 1282.7222087661619, 1111.0
1642.6308009283503, 1372.0, 1593.5370348347467, 1370.0
2120.9446624845004, 1814.0, 2385.453170907705, 1828.0
849.109849531859, 820.0, 934.3781296801689, 807.0
1058.7943480808576, 930.0, 1160.1955906099151, 1043.0
2802.5282287908426, 2977.0, 2776.039082003157, 2600.0
1760.385271811408, 1660.0, 1796.9839516728946, 1667.0
1815.2638962714304, 1652.0, 1848.3333198253729, 1620.0
2599.8937034833257, 2619.0, 2710.3518838839695, 2820.0
1602.2909301021361, 1876.0, 1683.4583499737855, 1808.0
1853.5227878578337, 1643.0, 1915.9964736434845, 1720.0
570.442714086707, 712.0, 570.62509902608, 599.0
1559.7481918502392, 1373.0, 1590.1096965354309, 1399.0
2405.93861178542, 2343.0, 2435.0551931531395, 2364.0
2395.7594277137714, 2926.0, 2495.7998770511463, 2925.0
2634.868953325627, 2604.0, 2618.3463646820633, 2607.0
2509.861639654365, 2593.0, 2452.1819228981185, 2425.0
2548.9778540428415, 2625.0, 2485.283539606361, 2604.0
1384.589276432103, 1542.0, 1391.8778540332335, 1655.0
2019.0792350299616, 2451.0, 2012.027907710634, 2375.0
2494.5837233659095, 2564.0, 2463.4587799272936, 2426.0
2543.209037552464, 2447.0, 2580.2130083249367, 2328.0
1859.5989260379577, 1981.0, 1991.7676196364587, 1980.0
1633.6236474033008, 1459.0, 1686.1941653582105, 1461.0
1964.9288603257742, 1978.0, 2037.1567436310047, 1919.0
1576.9487798658506, 1402.0, 1514.777034422199, 1357.0
1442.1708530810176, 1911.0, 1490.4969364227459, 1946.0
658.2336666280383, 870.0, 646.8408151280529, 777.0
2207.767347415346, 2383.0, 2104.004246476188, 2431.0
1577.187864051277, 1810.0, 1570.2955687014369, 1799.0
1323.3076318752173, 1149.0, 1377.9787905772887, 994.0
2321.7116743076954, 1967.0, 2242.917640351125, 2081.0
679.385840072313, 517.0, 707.3589394744001, 480.0
592.3551511557133, 855.0, 573.0864805641761, 809.0
1419.1960224502432, 1401.0, 1535.8049300418975, 1583.0
1410.438751937065, 2223.0, 1491.334609575364, 2216.0
1542.423667607517, 1874.0, 1516.6229533113712, 1890.0
737.6385338073369, 1141.0, 799.0269268756126, 1124.0
654.7126781571573, 692.0, 696.5595762834795, 701.0
1672.1274637424801, 2305.0, 1963.7856421071162, 2403.0
2950.423829782264, 2935.0, 2941.7536915391665, 2929.0
1154.195915913769, 1514.0, 1144.2870252983512, 1554.0
2216.6175135476296, 2503.0, 2419.1859205024043, 2501.0
1973.3907125956907, 2622.0, 1982.2874488585946, 2599.0
2525.4245078644813, 2775.0, 2569.8514771283562, 2888.0
769.7499353305601, 641.0, 759.3523445689419, 617.0
2375.0223774684105, 2900.0, 2427.6705861394985, 2915.0
1812.3164921942569, 2040.0, 1862.3040770201214, 2043.0
1285.7647327304471, 911.0, 1196.5330996439106, 913.0
2634.5369018241645, 2612.0, 2467.4251157731164, 2584.0
1357.41348211278, 1367.0, 1354.6116644159383, 1328.0
1325.8621541870707, 1187.0, 1185.8722042943475, 1124.0
2475.408733123357, 2155.0, 2172.1579055379652, 2226.0
2521.518799359082, 2696.0, 2510.0582996089242, 2681.0
1946.9338367273424, 2069.0, 1946.5657079099683, 2069.0
2570.002674199544, 2693.0, 2561.75213800445, 2588.0
2228.3937240045357, 2499.0, 2190.5339731601857, 2596.0
2643.0941917317846, 2805.0, 2580.3249983202863, 2699.0
680.5705815511775, 550.0, 710.0352151568078, 639.0
871.4227258689416, 631.0, 839.7461164663484, 685.0
2549.641847753148, 2271.0, 2564.061825683206, 2261.0
2389.588052637512, 2230.0, 2415.1498293364098, 2236.0
2833.3144521465706, 2926.0, 2844.977053941594, 2929.0
2302.873145061771, 1550.0, 2032.2627173497658, 1492.0
2235.907375060433, 2129.0, 2195.533872136849, 2137.0
2355.4003566942442, 2562.0, 2411.9111151980082, 2649.0
746.8095359602332, 1081.0, 782.9270148735891, 1009.0
1316.4984224641998, 1360.0, 1399.3411299721797, 1329.0
2377.8587409451643, 2003.0, 2497.758451834793, 2078.0
1371.5629068338096, 1222.0, 1291.84959985701, 1220.0
1138.6261676199424, 1142.0, 1211.102229777558, 1159.0
1700.2616160330172, 2158.0, 1869.2969012820465, 2119.0
907.0450827222335, 781.0, 851.1681556006158, 740.0
1998.6957192956747, 1749.0, 1904.5476102646942, 1760.0
2667.744060403597, 2514.0, 2640.649537415038, 2675.0
923.68025279432, 664.0, 888.7854458642942, 742.0
2687.117927690008, 2920.0, 2796.4460604830533, 2916.0
2527.4504304492166, 2665.0, 2440.6234578743038, 2588.0
1574.525039044166, 1478.0, 1557.5670242870506, 1499.0
1816.523295951279, 1319.0, 1546.742953867528, 1269.0
576.4044621967922, 500.0, 609.5845680819218, 602.0
728.8696057470235, 636.0, 721.946573262314, 710.0
719.4331022367012, 613.0, 679.461993405512, 560.0
1850.6352898771404, 1583.0, 1774.201248463002, 1527.0
653.9413945406845, 548.0, 646.7935428918223, 571.0
710.803307907704, 684.0, 736.9262382848076, 772.0
608.0591400567479, 559.0, 556.6213182036355, 408.0
2833.0618715384794, 2925.0, 2869.4675287035, 2921.0
2027.2816754225591, 1782.0, 1996.171396211257, 1582.0
569.5239577436022, 430.0, 609.5657984011148, 563.0
2197.514827987296, 1723.0, 2283.1162684303704, 1690.0
2413.899222597903, 2304.0, 2440.0057744796395, 2229.0
1895.4910329313636, 2104.0, 1923.5645947421358, 2104.0
1373.6242282116891, 1689.0, 1383.8178754768355, 1760.0
1546.8170124921187, 1793.0, 1554.6600480887967, 1773.0
2365.4629301437913, 2521.0, 2390.716578370684, 2609.0
2642.901189748112, 2150.0, 2779.3242693517036, 2138.0
2493.0683921074396, 2705.0, 2575.9963884487397, 2551.0
2610.5678847469508, 2667.0, 2630.3128194297165, 2854.0
2586.250967939857, 2402.0, 2818.3758978046612, 2293.0
1961.0432350489984, 2661.0, 2114.0918933271537, 2759.0
2523.7124918423146, 2610.0, 2509.327896624296, 2553.0
1241.2224973853379, 1028.0, 1264.053395959858, 1017.0
2829.2883125003805, 2896.0, 2833.856509939176, 2882.0
1529.392717199949, 1456.0, 1489.9695502467853, 1456.0
1748.9027599017597, 1215.0, 1839.1001999130483, 1232.0
2429.274734053168, 2496.0, 2338.318675245097, 2318.0
2748.8831682406226, 2669.0, 2743.0752572230986, 2951.0
2618.6047040938993, 2891.0, 2612.5702814046385, 2833.0
1773.8201875589189, 1628.0, 1874.66937666384, 1586.0
1394.2367804515318, 1441.0, 1508.6840767666436, 1472.0
2254.1409343876785, 1291.0, 2093.7675145403227, 1295.0
1611.3306805584966, 1633.0, 1529.2476651591255, 1688.0
1753.0175732537357, 1931.0, 1687.6595687338347, 1907.0
1114.1226417380547, 979.0, 1060.5072801949345, 923.0
571.0676673823292, 862.0, 574.7923972195947, 865.0
2848.6384273178955, 2669.0, 2754.050331422733, 2283.0
950.9901848784274, 924.0, 952.7786587162697, 943.0
1249.193486225114, 879.0, 1065.8328978807908, 996.0
2675.7326964804124, 2925.0, 2726.841301742919, 2927.0
1172.2721755719972, 1462.0, 1189.8572595711553, 1426.0
2562.0761928248207, 2575.0, 2528.3278324819403, 2674.0
1966.098955010755, 2004.0, 2079.135363716631, 2002.0
2967.7690442005064, 2936.0, 2941.432979434185, 2929.0
2955.6019634186196, 2918.0, 2963.602568385733, 2932.0
1302.7502809003545, 1339.0, 1420.943748161531, 1342.0
1532.8419102064308, 1704.0, 1649.700561665575, 1779.0
1500.0161505562257, 1967.0, 1471.1944711554265, 1972.0
1208.6704964887338, 1577.0, 1105.0854611410857, 1597.0
2918.5103401170895, 2930.0, 2909.2464112540943, 2927.0
1908.5530391864577, 2028.0, 2094.7872442427156, 2057.0
1399.768293557414, 892.0, 1463.082313624542, 962.0
2602.1060669761537, 2466.0, 2669.3561819349943, 2422.0
1829.1710398619407, 1921.0, 1921.4329967384397, 1863.0
2265.40628298684, 2189.0, 2435.402205137035, 2212.0
1312.1401717221702, 1289.0, 1315.9774512622362, 1289.0
1181.803879862489, 1523.0, 1224.9603668575494, 1508.0
1620.0818888035058, 1422.0, 1656.4174737255105, 1664.0
733.5173863493153, 532.0, 624.774567085831, 460.0
2063.744752256815, 2367.0, 2205.525041487787, 2381.0
923.06057518356, 947.0, 2459.0841720536737, 912.0
1040.0100062492934, 1179.0, 1055.2337531210774, 1167.0
2505.272495009247, 2626.0, 2499.7193354732935, 2638.0
2720.6024421778693, 2746.0, 2708.45752868583, 2535.0
780.880704371556, 1344.0, 811.2777318469415, 1437.0
2961.278247103927, 2937.0, 2953.1850241527827, 2925.0
556.1601641060623, 404.0, 561.4937642117894, 457.0
2948.30910431643, 2921.0, 2904.1722142209464, 2865.0
1180.2383883775735, 1474.0, 1470.1934397375046, 1466.0
2122.4126936191706, 2086.0, 2130.2182000549406, 1963.0
2401.092243303951, 1730.0, 2113.0070000434484, 1718.0
963.7339453377131, 919.0, 934.0390919236648, 866.0
1339.9508879312905, 1540.0, 1287.5323049827377, 1541.0
2476.9174402549506, 2794.0, 2396.9226852853244, 2757.0
2022.6294086565536, 1206.0, 1976.301356191926, 1218.0
1779.7786248524485, 1457.0, 1826.94330793617, 1465.0
1249.2645436243229, 1927.0, 1250.811580341883, 1791.0
1903.9550230918042, 1522.0, 1870.769122501219, 1513.0
698.9232816013857, 572.0, 700.5825150923706, 714.0
1807.405491605116, 1656.0, 1780.3764042601535, 1686.0
559.8562005903851, 410.0, 573.0444487772346, 408.0
1349.9853723692925, 1679.0, 1253.000838914876, 1639.0
2252.3227643442196, 2443.0, 2447.060440575348, 2425.0
2292.8972426299038, 2265.0, 2271.3769922560095, 2252.0
1271.6817646164438, 1150.0, 1238.8216673578474, 1195.0
2083.1538542940702, 2167.0, 1854.541139338647, 2036.0
2063.767485265946, 1981.0, 2077.3859581985853, 2041.0
1686.9732996898138, 1567.0, 1707.6097782992956, 1527.0
1065.9600810949657, 1091.0, 994.071529229645, 1073.0
882.0801460812148, 742.0, 1022.8364929095187, 794.0
1924.1782725070325, 1966.0, 1889.1295960067691, 2021.0
2571.0421407410317, 2513.0, 2589.469138657151, 2519.0
2774.7798484843347, 2859.0, 2793.8720389304553, 2645.0
2327.705441892096, 1754.0, 2317.2761824267786, 1799.0
2595.26587559702, 2608.0, 2613.552366911331, 2522.0
933.2379190668323, 899.0, 973.7997319870269, 819.0
1193.0248900634977, 1519.0, 1365.5640877493665, 1501.0
2170.295982977067, 2458.0, 2153.6942233710524, 2425.0
1980.8289521367315, 2294.0, 2096.8149836767607, 2283.0
2112.6528890695463, 1869.0, 2165.7181433887413, 1994.0
2025.875121006369, 1878.0, 1897.8756493756425, 1885.0
1483.4199892870463, 2101.0, 1398.7174161500325, 2070.0
2378.4941432518085, 2397.0, 2417.5175127541675, 2584.0
709.2703855228492, 645.0, 668.0975911994261, 620.0
2567.981659529315, 2372.0, 2581.5854946918325, 2434.0
2587.1103811093894, 2785.0, 2515.998944074064, 2630.0
1218.1920932413066, 1116.0, 1248.7738255297472, 1068.0
1408.2697986819403, 1571.0, 1444.4597201718038, 1616.0
1892.4666472172107, 1432.0, 1848.4224646036048, 1340.0
2442.9299584865585, 2313.0, 2407.6722541265517, 2318.0
2268.9331309221925, 2684.0, 2407.3617661416097, 2601.0
2470.7002321995956, 2340.0, 2488.777747749649, 2266.0
2570.194144419514, 2627.0, 2466.9183075525307, 2494.0
597.4736075994748, 475.0, 608.5947767036769, 508.0
1782.8860700718028, 1642.0, 1762.5363368653127, 1648.0
1700.833111404922, 1496.0, 1822.828000428198, 1464.0
2809.7015691330744, 2872.0, 2795.5849985998166, 2610.0
2353.593680310255, 1696.0, 2384.923833286576, 1710.0
1275.4454791991473, 1046.0, 1249.4970156639904, 918.0
1011.8636772184693, 1160.0, 973.3174154676307, 1127.0
2338.847109044079, 2403.0, 2384.407936762736, 2232.0
925.4455276504826, 1153.0, 927.012232721059, 1169.0
2819.8875813584114, 2946.0, 2787.9355140356797, 2813.0
2405.8320664049907, 2231.0, 2345.97716497328, 2390.0
2544.9337331615297, 2685.0, 2569.8776038638684, 2890.0
2174.072287151186, 2194.0, 2230.7980613447485, 2227.0
903.3064101130278, 952.0, 979.8631234112491, 934.0
2624.5323253057113, 1869.0, 2318.8132841243023, 1887.0
2432.706347612476, 2268.0, 2470.1374644075017, 2427.0
2451.590647887159, 1638.0, 2486.0128148123895, 1639.0
2065.0185864424147, 2137.0, 2116.526872515822, 2138.0
